model,fold,params,accuracy,precision,sensitivity,specificity,f1,roc_auc,tn,fp,fn,tp
J48,1,"{""smote"": true, ""cap_outliers"": false, ""feature_count"": 8, ""confidence"": 0.25, ""min_leaf"": 20}",0.7532467532467533,0.5952380952380952,0.9259259259259259,0.66,0.7246376811594203,0.8303703703703703,33,17,2,25
Naive Bayes,1,"{""smote"": true, ""cap_outliers"": true, ""feature_count"": 8, ""smoothing"": 1e-09}",0.7922077922077922,0.6410256410256411,0.9259259259259259,0.72,0.7575757575757576,0.8607407407407407,36,14,2,25
Logistic Regression,1,"{""smote"": true, ""cap_outliers"": false, ""feature_count"": 8, ""c"": 0.1}",0.6883116883116883,0.5428571428571428,0.7037037037037037,0.68,0.6129032258064516,0.8288888888888888,34,16,8,19
J48 reference,1,{},0.8441558441558441,0.7419354838709677,0.8518518518518519,0.84,0.7931034482758621,0.8788888888888889,42,8,4,23
J48 zeros untreated,1,"{""zero_missing"": false}",0.7532467532467533,0.6052631578947368,0.8518518518518519,0.7,0.7076923076923077,0.852962962962963,35,15,4,23
J48 unpruned,1,"{""unpruned"": true}",0.8441558441558441,0.7419354838709677,0.8518518518518519,0.84,0.7931034482758621,0.8788888888888889,42,8,4,23
J48 SMOTE,1,"{""smote"": true}",0.7142857142857143,0.5581395348837209,0.8888888888888888,0.62,0.6857142857142857,0.8003703703703704,31,19,3,24
J48 capped,1,"{""cap_outliers"": true}",0.8181818181818182,0.6857142857142857,0.8888888888888888,0.78,0.7741935483870968,0.8485185185185186,39,11,3,24
J48 five features,1,"{""feature_count"": 5}",0.7662337662337663,0.6216216216216216,0.8518518518518519,0.72,0.71875,0.797037037037037,36,14,4,23
J48,2,"{""smote"": true, ""cap_outliers"": true, ""feature_count"": 5, ""confidence"": 0.4, ""min_leaf"": 20}",0.8051948051948052,0.7,0.7777777777777778,0.82,0.7368421052631579,0.8644444444444445,41,9,6,21
Naive Bayes,2,"{""smote"": false, ""cap_outliers"": true, ""feature_count"": 8, ""smoothing"": 1e-09}",0.7402597402597403,0.64,0.5925925925925926,0.82,0.6153846153846154,0.8022222222222222,41,9,11,16
Logistic Regression,2,"{""smote"": false, ""cap_outliers"": true, ""feature_count"": 8, ""c"": 0.1}",0.7792207792207793,0.75,0.5555555555555556,0.9,0.6382978723404256,0.82,45,5,12,15
J48 reference,2,{},0.7792207792207793,0.6923076923076923,0.6666666666666666,0.84,0.6792452830188679,0.8392592592592593,42,8,9,18
J48 zeros untreated,2,"{""zero_missing"": false}",0.7662337662337663,0.7142857142857143,0.5555555555555556,0.88,0.625,0.8248148148148149,44,6,12,15
J48 unpruned,2,"{""unpruned"": true}",0.7792207792207793,0.6923076923076923,0.6666666666666666,0.84,0.6792452830188679,0.8403703703703703,42,8,9,18
J48 SMOTE,2,"{""smote"": true}",0.7792207792207793,0.6666666666666666,0.7407407407407407,0.8,0.7017543859649122,0.7944444444444444,40,10,7,20
J48 capped,2,"{""cap_outliers"": true}",0.7402597402597403,0.6296296296296297,0.6296296296296297,0.8,0.6296296296296297,0.7670370370370371,40,10,10,17
J48 five features,2,"{""feature_count"": 5}",0.7922077922077922,0.7037037037037037,0.7037037037037037,0.84,0.7037037037037037,0.847037037037037,42,8,8,19
J48,3,"{""smote"": false, ""cap_outliers"": false, ""feature_count"": 5, ""confidence"": 0.25, ""min_leaf"": 20}",0.7142857142857143,0.5806451612903226,0.6666666666666666,0.74,0.6206896551724138,0.7788888888888889,37,13,9,18
Naive Bayes,3,"{""smote"": true, ""cap_outliers"": true, ""feature_count"": 5, ""smoothing"": 1e-09}",0.6753246753246753,0.53125,0.6296296296296297,0.7,0.576271186440678,0.7288888888888889,35,15,10,17
Logistic Regression,3,"{""smote"": false, ""cap_outliers"": true, ""feature_count"": 8, ""c"": 1.0}",0.7792207792207793,0.75,0.5555555555555556,0.9,0.6382978723404256,0.7888888888888889,45,5,12,15
J48 reference,3,{},0.6883116883116883,0.5483870967741935,0.6296296296296297,0.72,0.5862068965517241,0.6622222222222223,36,14,10,17
J48 zeros untreated,3,"{""zero_missing"": false}",0.7272727272727273,0.6153846153846154,0.5925925925925926,0.8,0.6037735849056604,0.762962962962963,40,10,11,16
J48 unpruned,3,"{""unpruned"": true}",0.6883116883116883,0.5483870967741935,0.6296296296296297,0.72,0.5862068965517241,0.6859259259259258,36,14,10,17
J48 SMOTE,3,"{""smote"": true}",0.7012987012987013,0.5588235294117647,0.7037037037037037,0.7,0.6229508196721312,0.6796296296296296,35,15,8,19
J48 capped,3,"{""cap_outliers"": true}",0.6883116883116883,0.5483870967741935,0.6296296296296297,0.72,0.5862068965517241,0.7081481481481482,36,14,10,17
J48 five features,3,"{""feature_count"": 5}",0.7402597402597403,0.64,0.5925925925925926,0.82,0.6153846153846154,0.7825925925925926,41,9,11,16
J48,4,"{""smote"": false, ""cap_outliers"": true, ""feature_count"": 8, ""confidence"": 0.4, ""min_leaf"": 20}",0.8311688311688312,0.7333333333333333,0.8148148148148148,0.84,0.7719298245614035,0.9181481481481482,42,8,5,22
Naive Bayes,4,"{""smote"": true, ""cap_outliers"": true, ""feature_count"": 8, ""smoothing"": 1e-07}",0.8571428571428571,0.7857142857142857,0.8148148148148148,0.88,0.8,0.9385185185185185,44,6,5,22
Logistic Regression,4,"{""smote"": true, ""cap_outliers"": true, ""feature_count"": 8, ""c"": 0.1}",0.9090909090909091,0.9166666666666666,0.8148148148148148,0.96,0.8627450980392157,0.9274074074074073,48,2,5,22
J48 reference,4,{},0.8181818181818182,0.7241379310344828,0.7777777777777778,0.84,0.75,0.8377777777777777,42,8,6,21
J48 zeros untreated,4,"{""zero_missing"": false}",0.8571428571428571,0.8076923076923077,0.7777777777777778,0.9,0.7924528301886793,0.9111111111111112,45,5,6,21
J48 unpruned,4,"{""unpruned"": true}",0.8181818181818182,0.7241379310344828,0.7777777777777778,0.84,0.75,0.8377777777777777,42,8,6,21
J48 SMOTE,4,"{""smote"": true}",0.7662337662337663,0.6285714285714286,0.8148148148148148,0.74,0.7096774193548387,0.8403703703703703,37,13,5,22
J48 capped,4,"{""cap_outliers"": true}",0.8051948051948052,0.7307692307692307,0.7037037037037037,0.86,0.7169811320754716,0.8214814814814815,43,7,8,19
J48 five features,4,"{""feature_count"": 5}",0.7922077922077922,0.7037037037037037,0.7037037037037037,0.84,0.7037037037037037,0.9022222222222223,42,8,8,19
J48,5,"{""smote"": true, ""cap_outliers"": false, ""feature_count"": 8, ""confidence"": 0.4, ""min_leaf"": 20}",0.7012987012987013,0.5555555555555556,0.7407407407407407,0.68,0.6349206349206349,0.7551851851851851,34,16,7,20
Naive Bayes,5,"{""smote"": true, ""cap_outliers"": true, ""feature_count"": 8, ""smoothing"": 1e-08}",0.7402597402597403,0.6,0.7777777777777778,0.72,0.6774193548387096,0.8451851851851852,36,14,6,21
Logistic Regression,5,"{""smote"": true, ""cap_outliers"": true, ""feature_count"": 8, ""c"": 1.0}",0.7792207792207793,0.65625,0.7777777777777778,0.78,0.711864406779661,0.8318518518518518,39,11,6,21
J48 reference,5,{},0.8051948051948052,0.7,0.7777777777777778,0.82,0.7368421052631579,0.8581481481481481,41,9,6,21
J48 zeros untreated,5,"{""zero_missing"": false}",0.8051948051948052,0.75,0.6666666666666666,0.88,0.7058823529411765,0.8025925925925925,44,6,9,18
J48 unpruned,5,"{""unpruned"": true}",0.8051948051948052,0.7,0.7777777777777778,0.82,0.7368421052631579,0.8303703703703703,41,9,6,21
J48 SMOTE,5,"{""smote"": true}",0.7012987012987013,0.55,0.8148148148148148,0.64,0.6567164179104478,0.7737037037037036,32,18,5,22
J48 capped,5,"{""cap_outliers"": true}",0.8181818181818182,0.7241379310344828,0.7777777777777778,0.84,0.75,0.8733333333333333,42,8,6,21
J48 five features,5,"{""feature_count"": 5}",0.7792207792207793,0.6470588235294118,0.8148148148148148,0.76,0.7213114754098361,0.8748148148148148,38,12,5,22
J48,6,"{""smote"": true, ""cap_outliers"": true, ""feature_count"": 5, ""confidence"": 0.4, ""min_leaf"": 10}",0.7792207792207793,0.6388888888888888,0.8518518518518519,0.74,0.7301587301587301,0.8255555555555555,37,13,4,23
Naive Bayes,6,"{""smote"": true, ""cap_outliers"": true, ""feature_count"": 8, ""smoothing"": 1e-09}",0.7532467532467533,0.625,0.7407407407407407,0.76,0.6779661016949152,0.8088888888888888,38,12,7,20
Logistic Regression,6,"{""smote"": false, ""cap_outliers"": true, ""feature_count"": 8, ""c"": 0.1}",0.7662337662337663,0.7142857142857143,0.5555555555555556,0.88,0.625,0.8577777777777779,44,6,12,15
J48 reference,6,{},0.7662337662337663,0.7142857142857143,0.5555555555555556,0.88,0.625,0.7774074074074073,44,6,12,15
J48 zeros untreated,6,"{""zero_missing"": false}",0.7792207792207793,0.7272727272727273,0.5925925925925926,0.88,0.6530612244897959,0.7574074074074074,44,6,11,16
J48 unpruned,6,"{""unpruned"": true}",0.7662337662337663,0.7142857142857143,0.5555555555555556,0.88,0.625,0.7774074074074073,44,6,12,15
J48 SMOTE,6,"{""smote"": true}",0.7142857142857143,0.5757575757575758,0.7037037037037037,0.72,0.6333333333333333,0.7437037037037038,36,14,8,19
J48 capped,6,"{""cap_outliers"": true}",0.7922077922077922,0.6896551724137931,0.7407407407407407,0.82,0.7142857142857143,0.8811111111111111,41,9,7,20
J48 five features,6,"{""feature_count"": 5}",0.7402597402597403,0.6842105263157895,0.48148148148148145,0.88,0.5652173913043478,0.6718518518518517,44,6,14,13
J48,7,"{""smote"": false, ""cap_outliers"": false, ""feature_count"": 8, ""confidence"": 0.4, ""min_leaf"": 10}",0.7532467532467533,0.6666666666666666,0.5925925925925926,0.84,0.6274509803921569,0.7885185185185185,42,8,11,16
Naive Bayes,7,"{""smote"": false, ""cap_outliers"": true, ""feature_count"": 8, ""smoothing"": 1e-09}",0.7402597402597403,0.6666666666666666,0.5185185185185185,0.86,0.5833333333333334,0.8281481481481481,43,7,13,14
Logistic Regression,7,"{""smote"": false, ""cap_outliers"": true, ""feature_count"": 8, ""c"": 1.0}",0.7792207792207793,0.8125,0.48148148148148145,0.94,0.6046511627906976,0.8244444444444444,47,3,14,13
J48 reference,7,{},0.7922077922077922,0.7037037037037037,0.7037037037037037,0.84,0.7037037037037037,0.7811111111111111,42,8,8,19
J48 zeros untreated,7,"{""zero_missing"": false}",0.7142857142857143,0.5862068965517241,0.6296296296296297,0.76,0.6071428571428571,0.6755555555555555,38,12,10,17
J48 unpruned,7,"{""unpruned"": true}",0.7922077922077922,0.7037037037037037,0.7037037037037037,0.84,0.7037037037037037,0.7774074074074074,42,8,8,19
J48 SMOTE,7,"{""smote"": true}",0.7272727272727273,0.5882352941176471,0.7407407407407407,0.72,0.6557377049180327,0.7422222222222222,36,14,7,20
J48 capped,7,"{""cap_outliers"": true}",0.7272727272727273,0.6666666666666666,0.4444444444444444,0.88,0.5333333333333333,0.7596296296296295,44,6,15,12
J48 five features,7,"{""feature_count"": 5}",0.7402597402597403,0.6842105263157895,0.48148148148148145,0.88,0.5652173913043478,0.6825925925925926,44,6,14,13
J48,8,"{""smote"": false, ""cap_outliers"": false, ""feature_count"": 8, ""confidence"": 0.4, ""min_leaf"": 10}",0.7272727272727273,0.6,0.6666666666666666,0.76,0.631578947368421,0.8114814814814816,38,12,9,18
Naive Bayes,8,"{""smote"": true, ""cap_outliers"": true, ""feature_count"": 8, ""smoothing"": 1e-09}",0.7662337662337663,0.6285714285714286,0.8148148148148148,0.74,0.7096774193548387,0.8644444444444445,37,13,5,22
Logistic Regression,8,"{""smote"": false, ""cap_outliers"": true, ""feature_count"": 8, ""c"": 0.1}",0.7402597402597403,0.64,0.5925925925925926,0.82,0.6153846153846154,0.8451851851851853,41,9,11,16
J48 reference,8,{},0.7142857142857143,0.631578947368421,0.4444444444444444,0.86,0.5217391304347826,0.8018518518518518,43,7,15,12
J48 zeros untreated,8,"{""zero_missing"": false}",0.7402597402597403,0.6521739130434783,0.5555555555555556,0.84,0.6,0.7355555555555555,42,8,12,15
J48 unpruned,8,"{""unpruned"": true}",0.7272727272727273,0.6666666666666666,0.4444444444444444,0.88,0.5333333333333333,0.7762962962962963,44,6,15,12
J48 SMOTE,8,"{""smote"": true}",0.7402597402597403,0.6206896551724138,0.6666666666666666,0.78,0.6428571428571429,0.7551851851851852,39,11,9,18
J48 capped,8,"{""cap_outliers"": true}",0.7012987012987013,0.6,0.4444444444444444,0.84,0.5106382978723404,0.7307407407407407,42,8,15,12
J48 five features,8,"{""feature_count"": 5}",0.7402597402597403,0.6,0.7777777777777778,0.72,0.6774193548387096,0.755925925925926,36,14,6,21
J48,9,"{""smote"": false, ""cap_outliers"": true, ""feature_count"": 5, ""confidence"": 0.4, ""min_leaf"": 10}",0.6710526315789473,0.5121951219512195,0.8076923076923077,0.6,0.6268656716417911,0.7942307692307693,30,20,5,21
Naive Bayes,9,"{""smote"": true, ""cap_outliers"": true, ""feature_count"": 5, ""smoothing"": 1e-09}",0.6578947368421053,0.5,0.8461538461538461,0.56,0.6285714285714286,0.8007692307692308,28,22,4,22
Logistic Regression,9,"{""smote"": false, ""cap_outliers"": true, ""feature_count"": 5, ""c"": 0.1}",0.7368421052631579,0.59375,0.7307692307692307,0.74,0.6551724137931034,0.8223076923076923,37,13,7,19
J48 reference,9,{},0.631578947368421,0.4782608695652174,0.8461538461538461,0.52,0.6111111111111112,0.7238461538461538,26,24,4,22
J48 zeros untreated,9,"{""zero_missing"": false}",0.7763157894736842,0.6666666666666666,0.6923076923076923,0.82,0.6792452830188679,0.7826923076923078,41,9,8,18
J48 unpruned,9,"{""unpruned"": true}",0.631578947368421,0.4782608695652174,0.8461538461538461,0.52,0.6111111111111112,0.7392307692307692,26,24,4,22
J48 SMOTE,9,"{""smote"": true}",0.7236842105263158,0.5641025641025641,0.8461538461538461,0.66,0.676923076923077,0.76,33,17,4,22
J48 capped,9,"{""cap_outliers"": true}",0.6973684210526315,0.5365853658536586,0.8461538461538461,0.62,0.6567164179104478,0.7257692307692307,31,19,4,22
J48 five features,9,"{""feature_count"": 5}",0.6447368421052632,0.4888888888888889,0.8461538461538461,0.54,0.6197183098591549,0.7323076923076923,27,23,4,22
J48,10,"{""smote"": true, ""cap_outliers"": false, ""feature_count"": 8, ""confidence"": 0.4, ""min_leaf"": 20}",0.6973684210526315,0.5454545454545454,0.6923076923076923,0.7,0.6101694915254238,0.7438461538461538,35,15,8,18
Naive Bayes,10,"{""smote"": true, ""cap_outliers"": true, ""feature_count"": 5, ""smoothing"": 1e-07}",0.6710526315789473,0.5172413793103449,0.5769230769230769,0.72,0.5454545454545454,0.81,36,14,11,15
Logistic Regression,10,"{""smote"": false, ""cap_outliers"": false, ""feature_count"": 8, ""c"": 0.1}",0.7105263157894737,0.6111111111111112,0.4230769230769231,0.86,0.5,0.7323076923076923,43,7,15,11
J48 reference,10,{},0.6973684210526315,0.5652173913043478,0.5,0.8,0.5306122448979592,0.6607692307692308,40,10,13,13
J48 zeros untreated,10,"{""zero_missing"": false}",0.7105263157894737,0.5909090909090909,0.5,0.82,0.5416666666666666,0.6138461538461539,41,9,13,13
J48 unpruned,10,"{""unpruned"": true}",0.7236842105263158,0.6,0.5769230769230769,0.8,0.5882352941176471,0.6957692307692308,40,10,11,15
J48 SMOTE,10,"{""smote"": true}",0.6447368421052632,0.4838709677419355,0.5769230769230769,0.68,0.5263157894736842,0.6642307692307692,34,16,11,15
J48 capped,10,"{""cap_outliers"": true}",0.6710526315789473,0.5185185185185185,0.5384615384615384,0.74,0.5283018867924528,0.6830769230769231,37,13,12,14
J48 five features,10,"{""feature_count"": 5}",0.6447368421052632,0.4838709677419355,0.5769230769230769,0.68,0.5263157894736842,0.6996153846153846,34,16,11,15
